<?xml version="1.0" encoding="UTF-8"?>

<mule xmlns:file="http://www.mulesoft.org/schema/mule/file" xmlns:dw="http://www.mulesoft.org/schema/mule/ee/dw" xmlns:metadata="http://www.mulesoft.org/schema/mule/metadata" xmlns:validation="http://www.mulesoft.org/schema/mule/validation" xmlns:batch="http://www.mulesoft.org/schema/mule/batch" xmlns="http://www.mulesoft.org/schema/mule/core" xmlns:doc="http://www.mulesoft.org/schema/mule/documentation"
	xmlns:spring="http://www.springframework.org/schema/beans" 
	xmlns:xsi="http://www.w3.org/2001/XMLSchema-instance"
	xsi:schemaLocation="http://www.springframework.org/schema/beans http://www.springframework.org/schema/beans/spring-beans-current.xsd
http://www.mulesoft.org/schema/mule/core http://www.mulesoft.org/schema/mule/core/current/mule.xsd
http://www.mulesoft.org/schema/mule/batch http://www.mulesoft.org/schema/mule/batch/current/mule-batch.xsd
http://www.mulesoft.org/schema/mule/file http://www.mulesoft.org/schema/mule/file/current/mule-file.xsd
http://www.mulesoft.org/schema/mule/ee/dw http://www.mulesoft.org/schema/mule/ee/dw/current/dw.xsd
http://www.mulesoft.org/schema/mule/validation http://www.mulesoft.org/schema/mule/validation/current/mule-validation.xsd">
    <validation:config name="Validation_Configuration" doc:name="Validation Configuration"/>
    <flow name="mule-batchjob-demoFlow">
        <file:inbound-endpoint path="C:\Users\chandgup\Documents\meetup\source" moveToDirectory="C:\Users\chandgup\Documents\meetup\destination" responseTimeout="10000" doc:name="File"/>
        <logger message="File Received" level="INFO" doc:name="Logger"/>
        <dw:transform-message doc:name="csvToJson">
            <dw:set-payload><![CDATA[%dw 1.0
%output application/json
---
payload]]></dw:set-payload>
        </dw:transform-message>
        <dw:transform-message doc:name="Transform Message" metadata:id="24421a62-b083-4f3c-8858-3a17d42bad65">
            <dw:input-payload mimeType="application/json"/>
            <dw:set-payload><![CDATA[%dw 1.0
%output application/java
---
payload map ((payload01 , indexOfPayload01) -> {
	Name: payload01.FirstName ++ payload01.LastName,
	BillingStreet: payload01.Street,
	BillingCity: payload01.City,
	BillingState: payload01.State,
	BillingPostalCode: payload01.Postal,
	BillingCountry: payload01.Country
})]]></dw:set-payload>
        </dw:transform-message>
        <batch:execute name="mule-batchjob-demoBatch" doc:name="mule-batchjob-demoBatch"/>
        <exception-strategy ref="mule-commonChoice_Exception_Strategy" doc:name="Reference Exception Strategy"/>
    </flow>
    <batch:job name="mule-batchjob-demoBatch" max-failed-records="-1">
        <batch:input>
            <logger message="Request  #[payload]" level="INFO" doc:name="Logger Input"/>
        </batch:input>
        <batch:process-records>
            <batch:step name="Batch_Validation_Step" accept-policy="ALL">
                <validation:is-number config-ref="Validation_Configuration" value="#[payload.BillingPostalCode]" numberType="INTEGER" doc:name="checkPostalCode"/>
            </batch:step>
            <batch:step name="Batch_Process_Step">
                <dw:transform-message doc:name="Transform Message">
                    <dw:set-payload><![CDATA[%dw 1.0
%output application/java
---
payload]]></dw:set-payload>
                </dw:transform-message>
                <flow-ref name="salesforce-create-single-account" doc:name="salesforce-create-single-account"/>
            </batch:step>
            <batch:step name="log-failures-step" accept-policy="ONLY_FAILURES" >
                <logger message="Got Failure #[payload]" level="INFO" doc:name="Log Failure"/>
            </batch:step>
        </batch:process-records>
        <batch:on-complete>
            <logger message="onComplete  #[payload]" level="INFO" doc:name="Logger"/>
        </batch:on-complete>
    </batch:job>
</mule>
