<?xml version="1.0" encoding="UTF-8"?>
<mule xmlns="http://www.mulesoft.org/schema/mule/core" xmlns:batch="http://www.mulesoft.org/schema/mule/batch" xmlns:compatibility="http://www.mulesoft.org/schema/mule/compatibility" xmlns:doc="http://www.mulesoft.org/schema/mule/documentation" xmlns:ee="http://www.mulesoft.org/schema/mule/ee/core" xmlns:file="http://www.mulesoft.org/schema/mule/file" xmlns:validation="http://www.mulesoft.org/schema/mule/validation" xmlns:xsi="http://www.w3.org/2001/XMLSchema-instance" xsi:schemaLocation="http://www.mulesoft.org/schema/mule/ee/core http://www.mulesoft.org/schema/mule/ee/core/current/mule-ee.xsd http://www.mulesoft.org/schema/mule/validation http://www.mulesoft.org/schema/mule/validation/current/mule-validation.xsd http://www.mulesoft.org/schema/mule/file http://www.mulesoft.org/schema/mule/file/current/mule-file.xsd http://www.mulesoft.org/schema/mule/batch http://www.mulesoft.org/schema/mule/batch/current/mule-batch.xsd http://www.mulesoft.org/schema/mule/compatibility http://www.mulesoft.org/schema/mule/compatibility/current/mule-compatibility.xsd http://www.mulesoft.org/schema/mule/core http://www.mulesoft.org/schema/mule/core/current/mule.xsd">

    <validation:config name="Validation_Configuration" doc:name="Validation Configuration" />

    <file:config name="File_Config" doc:name="File Config" doc:id="19f90fe1-1c83-4962-9f15-2d0b27f42b55" />
	
	<flow name="mule-batchjob-demoFlow">
        <file:listener directory="C:\Users\chandgup\Documents\meetup\source" moveToDirectory="C:\Users\chandgup\Documents\meetup\destination" doc:name="File" applyPostActionWhenFailed="false" recursive="false" autoDelete="true" config-ref="File_Config">
            <!--Migration INFO: 'responseTimeout' was not being used by the file transport.-->
            <scheduling-strategy>
                <fixed-frequency/>
            </scheduling-strategy>
        </file:listener>

     <!--    <compatibility:attributes-to-inbound-properties>
            Migration WARN: Expressions that query 'inboundProperties' from the message should instead query the message 'attributes'. Remove this component if there are no uses of 'inboundProperties' in expressions or components that rely on 'inboundProperties' (such as 'copy-properties').
               For more information refer to:
                   * https://docs.mulesoft.com/mule-runtime/4.1/intro-mule-message#inbound-properties-are-now-attributes
        </compatibility:attributes-to-inbound-properties> -->

        <logger message="File Received" level="INFO" doc:name="Logger" />

        <ee:transform doc:name="csvToJson" doc:id="f32633e9-0072-4ed4-8113-cc28e5a0e846">
            <ee:message>
                <ee:set-payload><![CDATA[%dw 2.0
output application/json  
---
payload]]></ee:set-payload>
            </ee:message>
        </ee:transform>

        <ee:transform doc:name="Transform Message" doc:id="f11cb08a-10c9-4083-a59c-2fcb24c62cd7">
            <!--Migration ERROR: Custom types defined in Studio 6 are not migrated to Studio 7.-->
            <ee:message>
                <ee:set-payload><![CDATA[%dw 2.0
output application/java  
---
payload map (payload01, indexOfPayload01) -> {
  Name: payload01.FirstName ++ payload01.LastName,
  BillingStreet: payload01.Street,
  BillingCity: payload01.City,
  BillingState: payload01.State,
  BillingPostalCode: payload01.Postal,
  BillingCountry: payload01.Country
}]]></ee:set-payload>
            </ee:message>
        </ee:transform>

        <flow-ref name="mule-batchjob-demoBatch" doc:name="mule-batchjob-demoBatch" />

<!--         <compatibility:outbound-properties-to-var>
            Migration WARN: Instead of using outbound properties in the flow, move the expression that sets the property into the XML attribute (such as 'method') of the operation or listener that accepts the expression.
               For more information refer to:
                   * https://beta.docs.stgx.mulesoft.com/beta-mule-migration-tool/mule-runtime/4.1/migration-tool-post-mig.html#outbound_properties
        </compatibility:outbound-properties-to-var> -->

        <error-handler ref="mule-commonChoice_Exception_Strategy" doc:name="Reference Exception Strategy" />

    </flow>

    <flow name="mule-batchjob-demoBatch">
        <logger message='#[payload]' level="INFO" doc:name="Logger Input" />

        <batch:job jobName="mule-batchjob-demoBatch1" maxFailedRecords="-1">
            <batch:process-records>
                <batch:step name="Batch_Validation_Step" acceptPolicy="ALL">
                    <validation:is-number config-ref="Validation_Configuration" value="#[payload.BillingPostalCode]" numberType="INTEGER" doc:name="checkPostalCode" />
                </batch:step>
                <batch:step name="Batch_Process_Step">
                    <ee:transform doc:name="requestPayload" doc:id="de424a86-c60c-430a-8e04-3b23d2c5a751">
                        <ee:message>
                            <ee:set-payload><![CDATA[%dw 2.0
output application/java  
---
payload]]></ee:set-payload>
                        </ee:message>
                    </ee:transform>
                    <flow-ref name="salesforce-create-single-account" doc:name="salesforce-create-single-account" />
                </batch:step>
                <batch:step name="log-failures-step" acceptPolicy="ONLY_FAILURES">
                    <logger message='#[payload]' level="INFO" doc:name="Log Failure" />
                </batch:step>
            </batch:process-records>
            <batch:on-complete>
                <logger message='#[payload]' level="INFO" doc:name="Logger On Complete" />
            </batch:on-complete>
        </batch:job>

    </flow>

</mule>
