<?xml version="1.0" encoding="UTF-8"?>
<mule xmlns:salesforce="http://www.mulesoft.org/schema/mule/salesforce" xmlns="http://www.mulesoft.org/schema/mule/core" xmlns:doc="http://www.mulesoft.org/schema/mule/documentation"  xmlns:xsi="http://www.w3.org/2001/XMLSchema-instance" xsi:schemaLocation="http://www.mulesoft.org/schema/mule/sfdc http://www.mulesoft.org/schema/mule/sfdc/current/mule-sfdc.xsd http://www.mulesoft.org/schema/mule/core http://www.mulesoft.org/schema/mule/core/current/mule.xsd
http://www.mulesoft.org/schema/mule/salesforce http://www.mulesoft.org/schema/mule/salesforce/current/mule-salesforce.xsd">

    <salesforce:sfdc-config name="Salesforce_Config" doc:name="Salesforce Config" doc:id="58409ca8-7937-4d51-b76c-31e381b53e82" >
		<salesforce:basic-connection proxyHost="blrproxy.igate.com" proxyPort="8080" proxyUsername="chandgup" proxyPassword="XXXX@123" username="chandar-shekhar.gupta@capgemini.com" password="XXXX@123" securityToken="bCO1LFXJqfh5QT3m8YIyMg2J" />
	</salesforce:sfdc-config>
	<sub-flow name="salesforce-create-single-account">
		<salesforce:create-single doc:name="Create single" doc:id="3d66acf7-54f6-4cce-adcf-d6b88761ee7c" config-ref="Salesforce_Config" type="Account"/>
    </sub-flow>

    <error-handler name="mule-commonChoice_Exception_Strategy">
        <on-error-continue when="#[mel:exception.causedBy(org.mule.extension.validation.api.ValidationException)]" doc:name="Validation Catch Exception Strategy">
            <!--Migration WARN: The MEL expression could not be migrated to a DataWeave expression.-->
            <!--    For more information refer to:-->
            <!--        * https://docs.mulesoft.com/mule-runtime/4.1/migration-mel-->
            <!--        * https://beta.docs.stgx.mulesoft.com/beta-mule-migration-tool/mule-runtime/4.1/migration-tool-post-mig.html#mel_expressions-->
            <!--        * https://blogs.mulesoft.com/dev/mule-dev/why-dataweave-main-expression-language-mule-4-->
            <!--Migration WARN: The MEL expression contains a method invocation that could not be migrated to a Dataweave expression.-->
            <!--    For more information refer to:-->
            <!--        * https://docs.mulesoft.com/mule-runtime/4.1/dataweave-cookbook-java-methods-->
            <!--        * https://docs.mulesoft.com/mule-runtime/4.1/migration-mel-->
            <logger message="#[&quot;ErrorMessage=$(mel:exception.getDetailedMessage())&quot;]" level="INFO" doc:name="Logger">
                <!--Migration WARN: The MEL expression could not be migrated to a DataWeave expression.-->
                <!--    For more information refer to:-->
                <!--        * https://docs.mulesoft.com/mule-runtime/4.1/migration-mel-->
                <!--        * https://beta.docs.stgx.mulesoft.com/beta-mule-migration-tool/mule-runtime/4.1/migration-tool-post-mig.html#mel_expressions-->
                <!--        * https://blogs.mulesoft.com/dev/mule-dev/why-dataweave-main-expression-language-mule-4-->
                <!--Migration WARN: The MEL expression contains a method invocation that could not be migrated to a Dataweave expression.-->
                <!--    For more information refer to:-->
                <!--        * https://docs.mulesoft.com/mule-runtime/4.1/dataweave-cookbook-java-methods-->
                <!--        * https://docs.mulesoft.com/mule-runtime/4.1/migration-mel-->
            </logger>
        </on-error-continue>
        <on-error-continue doc:name="Default Catch Exception Strategy">
            <logger message="#[&quot;ErrorMessage=$(mel:exception.getDetailedMessage())&quot;]" level="INFO" doc:name="Logger">
                <!--Migration WARN: The MEL expression could not be migrated to a DataWeave expression.-->
                <!--    For more information refer to:-->
                <!--        * https://docs.mulesoft.com/mule-runtime/4.1/migration-mel-->
                <!--        * https://beta.docs.stgx.mulesoft.com/beta-mule-migration-tool/mule-runtime/4.1/migration-tool-post-mig.html#mel_expressions-->
                <!--        * https://blogs.mulesoft.com/dev/mule-dev/why-dataweave-main-expression-language-mule-4-->
                <!--Migration WARN: The MEL expression contains a method invocation that could not be migrated to a Dataweave expression.-->
                <!--    For more information refer to:-->
                <!--        * https://docs.mulesoft.com/mule-runtime/4.1/dataweave-cookbook-java-methods-->
                <!--        * https://docs.mulesoft.com/mule-runtime/4.1/migration-mel-->
            </logger>
        </on-error-continue>
    </error-handler>

</mule>
