<?xml version="1.0" encoding="UTF-8"?>

<mule xmlns:sfdc="http://www.mulesoft.org/schema/mule/sfdc" xmlns="http://www.mulesoft.org/schema/mule/core" xmlns:doc="http://www.mulesoft.org/schema/mule/documentation"
	xmlns:spring="http://www.springframework.org/schema/beans" 
	xmlns:xsi="http://www.w3.org/2001/XMLSchema-instance"
	xsi:schemaLocation="http://www.springframework.org/schema/beans http://www.springframework.org/schema/beans/spring-beans-current.xsd
http://www.mulesoft.org/schema/mule/sfdc http://www.mulesoft.org/schema/mule/sfdc/current/mule-sfdc.xsd
http://www.mulesoft.org/schema/mule/core http://www.mulesoft.org/schema/mule/core/current/mule.xsd">
    <sfdc:cached-basic-config name="Salesforce__Basic_Authentication" username="chandar-shekhar.gupta@capgemini.com" password="XXXXX@1234" securityToken="bJO1LDDJqfh5QT3m8YIyMg2J" url="https://login.salesforce.com/services/Soap/u/42.0" proxyHost="blrproxy.igate.com" proxyPort="8080" proxyUsername="chandgup" proxyPassword="XXXXX@123" doc:name="Salesforce: Basic Authentication"/>
    <sub-flow name="salesforce-get-user-info">
        <sfdc:get-user-info config-ref="Salesforce__Basic_Authentication" doc:name="get-user-info"/>
    </sub-flow>
    <sub-flow name="salesforce-create-account">
        <sfdc:create config-ref="Salesforce__Basic_Authentication" type="Account" doc:name="salesforce-create-account">
            <sfdc:objects ref="#[payload]"/>
        </sfdc:create>
    </sub-flow>
    <sub-flow name="salesforce-create-bulk-account">
        <sfdc:create-bulk config-ref="Salesforce__Basic_Authentication" type="Account" doc:name="Create bulk">
            <sfdc:objects ref="#[payload]"/>
        </sfdc:create-bulk>
    </sub-flow>
    <sub-flow name="salesforce-create-single-account">
        <sfdc:create-single config-ref="Salesforce__Basic_Authentication" type="Account" doc:name="salesforce-create-single-account"/>
    </sub-flow>
    <choice-exception-strategy name="mule-commonChoice_Exception_Strategy">
        <catch-exception-strategy when="#[exception.causedBy(org.mule.extension.validation.api.ValidationException)]" doc:name="Validation Catch Exception Strategy">
            <logger message="ErrorMessage=#[exception.getDetailedMessage()]" level="INFO" doc:name="Logger"/>
        </catch-exception-strategy>
        <catch-exception-strategy doc:name="Default Catch Exception Strategy">
            <logger message="ErrorMessage=#[exception.getDetailedMessage()]" level="INFO" doc:name="Logger"/>
        </catch-exception-strategy>
    </choice-exception-strategy>
</mule>
